CREATE TABLE Department(
dep_id   INTEGER primary key,
dep_name VARCHAR(20),
HOD      VARCHAR(50)
);
CREATE TABLE Student(
s_id      INTEGER PRIMARY KEY,
sname     VARCHAR(50),
smajor    VARCHAR(20),
sgender   VARCHAR(10),
sphone_no VARCHAR(15),
semail    VARCHAR(50),
hire_date DATE,
GPA       DECIMAL(4, 2)
);
CREATE TABLE Teacher(
tid      INTEGER PRIMARY KEY,
tname     VARCHAR(50),
tphone_no VARCHAR(15),
temail     VARCHAR(50),
tgender    VARCHAR(10),
tmajor    VARCHAR(20),
salary     DECIMAL(10, 2),
dep_id      INTEGER FOREIGN key REFERENCES Department(dep_id)
);
CREATE TABLE Course(
cid	   INTEGER PRIMARY KEY,
cname	VARCHAR(20),
dep_id 	INTEGER FOREIGN key REFERENCES Department(dep_id)
);
CREATE TABLE Student_Course(
s_id INTEGER,
cid INTEGER,
FOREIGN KEY (s_id) REFERENCES Student(s_id),
FOREIGN KEY (cid) REFERENCES Course(cid)
);
CREATE TABLE Teacher_Course(
tid INTEGER,
cid INTEGER,
FOREIGN KEY (tid) REFERENCES Teacher(tid),
FOREIGN KEY (cid) REFERENCES Course(cid)
);
INSERT INTO Department(dep_id,dep_name, HOD)
VALUES	
(1111,'Math', 'Said'),
(2222, 'Computer Scince', 'Mohammed'),
(3333, 'Physic', 'Ali'),
(4444, 'Chemsitry', 'Awadh'),
(5555, 'Biology', 'Ibrahim');
INSERT INTO Course (cid, cname, dep_id)
VALUES
(1001, 'Math', 1111),
(2001, 'Calculse 1', 1111),
(3001, 'Statistics', 1111),
(4001, 'Calculse 2', 1111),
(5001, 'PHYS1', 3333),
(6001, 'PHYS2', 3333),
(7001, 'C++', 2222),
(8001, 'python', 2222),
(9001, 'Chemsitry1', 4444),
(1002, 'Chemsitry2', 4444),
(2002, 'Bio1', 5555),
(3002, 'Bio2', 5555);

INSERT INTO Student (s_id,sname,smajor,sgender,sphone_no,semail, hire_date,GPA   )
VALUES					    
 ( 60000 , 'KAYLING'  , 'ENGINEER'   , 'MALE' , '96958880' , 's60000@student.sjs.edu.om' , '2022-11-18' , 3.42) ,
 ( 60001 , 'BLAZE'    , 'ENGINEER'   , 'MALE' , '96958881' , 's60001@student.sjs.edu.om' , '2022-05-01' , 3.86) ,
 ( 60002 , 'CLARE'    , 'ENGINEER'   , 'MALE' , '96958882' , 's60002@student.sjs.edu.om' , '2022-06-09' , 3.45) ,
 ( 60003 , 'JONAS'    , 'ENGINEER'   , 'MALE' , '96958883' , 's60003@student.sjs.edu.om' , '2022-04-02' , 3.42) ,
 ( 60004 , 'SCARLET'  , 'CHEMIST'    , 'MALE' , '96958884' , 's60004@student.sjs.edu.om' , '2022-04-19' , 3.02) ,
 ( 60005 , 'FRANK'    , 'CHEMIST'    , 'MALE' , '96958885' , 's60005@student.sjs.edu.om' , '2022-12-03' , 3.12) ,
 ( 60006 , 'SANDRINE' , 'CHEMIST'    , 'MALE' , '96958886' , 's60006@student.sjs.edu.om' , '2022-12-18' , 2.42) ,
 ( 60007 , 'ADELYN'   , 'IT'         , 'MALE' , '96958887' , 's60007@student.sjs.edu.om' , '2022-02-20' , 2.70) ,
 ( 60008 , 'WADE'     , 'IT'         , 'MALE' , '96958889' , 's60008@student.sjs.edu.om' , '2022-02-22' , 2.19) ,
 ( 60009 , 'MADDEN'   , 'IT'         , 'MALE' , '96958890' , 's60009@student.sjs.edu.om' , '2022-09-28' , 2.01) ,
 ( 60010 , 'TUCKER'   , 'IT'         , 'MALE' , '96958891' , 's60010@student.sjs.edu.om' , '2022-09-08' , 1.89) ,
 ( 60011 , 'ADNRES'   , 'IT'         , 'MALE' , '96958892' , 's60011@student.sjs.edu.om' , '2022-05-23' , 1.42) ,
 ( 60012 , 'JULIUS'   , 'BIOLIGIST'  , 'MALE' , '96958893' , 's60012@student.sjs.edu.om' , '2022-12-03' , 3.91) ,
 ( 60013 , 'MARKER'   , 'BIOLIGIST'  , 'MALE' , '96958888' , 's60013@student.sjs.edu.om' , '2022-01-23' , 4.00) ;		
 
INSERT INTO Teacher (tid,tname,tphone_no,temail,tgender,tmajor,salary,dep_id    )
VALUES					    				  
 ( 10000 , 'JHON'   , '96959990'   , 's60000@student.sjs.edu.om' , 'MALE'   , 'BIO'     , 6000.00 , 5555) ,
 ( 10001 , 'KHALID' , '96959991'   , 's60001@student.sjs.edu.om' , 'MALE'   , 'BIO'     , 6000.00 , 5555) ,
 ( 10002 , 'ALI'    , '96959992'   , 's60002@student.sjs.edu.om' , 'MALE'   , 'STATICS' , 6000.00 , 1111) ,
 ( 10003 , 'FERDOUS', '96959993'   , 's60003@student.sjs.edu.om' , 'FEMALE' , 'STATICS' , 6000.00 , 1111) ,
 ( 10004 , 'ALIA'   , '96959994'   , 's60004@student.sjs.edu.om' , 'FEMALE' , 'PHYSICS' , 6000.00 , 3333) ,
 ( 10005 , 'FATEHI' , '96959995'   , 's60005@student.sjs.edu.om' , 'MALE'   , 'CHEMIS'  , 6000.00 , 4444) ,
 ( 10006 , 'MJOMBA' , '96959996'   , 's60006@student.sjs.edu.om' , 'MALE'   , 'COMPUTER', 6000.00 , 2222) ,
 ( 10007 , 'RAYAN'  , '96959997'   , 's60007@student.sjs.edu.om' , 'FEMALE' , 'STATICS' , 6000.00 , 1111) ;

INSERT INTO Teacher_Course(tid,cid)
VALUES 
(10000,1001),
(10000,2001),
(10000,3001),
(10000,4001),
(10000,5001),
(10000,6001),
(10000,7001),
(10000,8001),
(10000,9001),
(10000,1002),
(10000,2002),
(10000,3002),
(10001,1001),
(10001,2001),
(10001,3001),
(10001,4001),
(10001,5001),
(10001,6001),
(10001,7001),
(10001,8001),
(10001,9001),
(10001,1002),
(10001,2002),
(10001,3002),
(10002,1001),
(10002,2001),
(10002,3001),
(10002,4001),
(10002,5001),
(10002,6001),
(10002,7001),
(10002,8001),
(10002,9001),
(10002,1002),
(10002,2002),
(10002,3002),
(10003,1001),
(10003,2001),
(10003,3001),
(10003,4001),
(10003,5001),
(10003,6001),
(10003,7001),
(10003,8001),
(10003,9001),
(10003,1002),
(10003,2002),
(10003,3002),
(10004,1001),
(10004,2001),
(10004,3001),
(10004,4001),
(10004,5001),
(10004,6001),
(10004,7001),
(10004,8001),
(10004,9001),
(10004,1002),
(10004,2002),
(10004,3002),
(10005,1001),
(10005,2001),
(10005,3001),
(10005,4001),
(10005,5001),
(10005,6001),
(10005,7001),
(10005,8001),
(10005,9001),
(10005,1002),
(10005,2002),
(10005,3002),
(10006,1001),
(10006,2001),
(10006,3001),
(10006,4001),
(10006,5001),
(10006,6001),
(10006,7001),
(10006,8001),
(10006,9001),
(10006,1002),
(10006,2002),
(10006,3002),
(10007,1001),
(10007,2001),
(10007,3001),
(10007,4001),
(10007,5001),
(10007,6001),
(10007,7001),
(10007,8001),
(10007,9001),
(10007,1002),
(10007,2002),
(10007,3002);

						        
		delete Teacher_Course				  						  
						
INSERT INTO Student_Course(s_id,cid)
VALUES 
(60000,1001),
(60000,2001),
(60000,3001),
(60000,4001),
(60000,5001),
(60000,6001),
(60000,7001),
(60000,8001),
(60000,9001),
(60000,1002),
(60000,2002),
(60000,3002),
(60001,1001),
(60001,2001),
(60001,3001),
(60001,4001),
(60001,5001),
(60001,6001),
(60001,7001),
(60001,8001),
(60001,9001),
(60001,1002),
(60001,2002),
(60001,3002),
(60002,1001),
(60002,2001),
(60002,3001),
(60002,4001),
(60002,5001),
(60002,6001),
(60002,7001),
(60002,8001),
(60002,9001),
(60002,1002),
(60002,2002),
(60002,3002),
(60003,1001),
(60003,2001),
(60003,3001),
(60003,4001),
(60003,5001),
(60003,6001),
(60003,7001),
(60003,8001),
(60003,9001),
(60003,1002),
(60003,2002),
(60003,3002),
(60004,1001),
(60004,2001),
(60004,3001),
(60004,4001),
(60004,5001),
(60004,6001),
(60004,7001),
(60004,8001),
(60004,9001),
(60004,1002),
(60004,2002),
(60004,3002),
(60005,1001),
(60005,2001),
(60005,3001),
(60005,4001),
(60005,5001),
(60005,6001),
(60005,7001),
(60005,8001),
(60005,9001),
(60005,1002),
(60005,2002),
(60005,3002),
(60006,1001),
(60006,2001),
(60006,3001),
(60006,4001),
(60006,5001),
(60006,6001),
(60006,7001),
(60006,8001),
(60006,9001),
(60006,1002),
(60006,2002),
(60006,3002),
(60007,1001),
(60007,2001),
(60007,3001),
(60007,4001),
(60007,5001),
(60007,6001),
(60007,7001),
(60007,8001),
(60007,9001),
(60007,1002),
(60007,2002),
(60007,3002),
(60008,1001),
(60008,2001),
(60008,3001),
(60008,4001),
(60008,5001),
(60008,6001),
(60008,7001),
(60008,8001),
(60008,9001),
(60008,1002),
(60008,2002),
(60008,3002),
(60009,1001),
(60009,2001),
(60009,3001),
(60009,4001),
(60009,5001),
(60009,6001),
(60009,7001),
(60009,8001),
(60009,9001),
(60009,1002),
(60009,2002),
(60009,3002),
(60010,1001),
(60010,2001),
(60010,3001),
(60010,4001),
(60010,5001),
(60010,6001),
(60010,7001),
(60010,8001),
(60010,9001),
(60010,1002),
(60010,2002),
(60010,3002),
(60011,1001),
(60011,2001),
(60011,3001),
(60011,4001),
(60011,5001),
(60011,6001),
(60011,7001),
(60011,8001),
(60011,9001),
(60011,1002),
(60011,2002),
(60011,3002),
(60012,1001),
(60012,2001),
(60012,3001),
(60012,4001),
(60012,5001),
(60012,6001),
(60012,7001),
(60012,8001),
(60012,9001),
(60012,1002),
(60012,2002),
(60012,3002),
(60013,1001),
(60013,2001),
(60013,3001),
(60013,4001),
(60013,5001),
(60013,6001),
(60013,7001),
(60013,8001),
(60013,9001),
(60013,1002),
(60013,2002),
(60013,3002);


delete Student_Course

------------------------------------------------------------------
------------------------------------------------------------------
------------------------------------------------------------------
SELECT Student.*, Course.cid, Course.cname,CONCAT('DR. ',Teacher.tname) AS "Instructor", Course.dep_id, Department.dep_name
FROM Student
INNER JOIN Student_Course ON Student.s_id = Student_Course.s_id
INNER JOIN Course ON Course.cid = Student_Course.cid
INNER JOIN Teacher_Course ON Teacher_Course.cid =  Course.cid
INNER JOIN Teacher ON Teacher.tid = Teacher_Course.tid
INNER JOIN Department ON Department.dep_id = Course.dep_id
WHERE (Student.s_id = 60000 AND Course.cid = 2001 AND Teacher.tid=10002) OR (Student.s_id = 60000 AND Course.cid = 7001 AND Teacher.tid=10006) OR (Student.s_id = 60000 AND Course.cid = 9001 AND Teacher.tid=10005) OR (Student.s_id = 60001 AND Course.cid = 2001 AND Teacher.tid=10007)OR(Student.s_id = 60003 AND Course.cid = 8001 AND Teacher.tid=10006);

